split,validator,leakage_type,n,tp,fn,recall
dev,baseline,direct_temporal,24,24,0,1.0
dev,baseline,duplication,24,0,24,0.0
dev,baseline,future_aggregation,24,0,24,0.0
dev,baseline,label_source,24,0,24,0.0
dev,baseline,target_derived,24,0,24,0.0
dev,baseline_ingestion,direct_temporal,24,24,0,1.0
dev,baseline_ingestion,duplication,24,0,24,0.0
dev,baseline_ingestion,future_aggregation,24,0,24,0.0
dev,baseline_ingestion,label_source,24,0,24,0.0
dev,baseline_ingestion,target_derived,24,0,24,0.0
dev,improved,direct_temporal,24,24,0,1.0
dev,improved,duplication,24,24,0,1.0
dev,improved,future_aggregation,24,24,0,1.0
dev,improved,label_source,24,24,0,1.0
dev,improved,target_derived,24,24,0,1.0
heldout,baseline,direct_temporal,16,16,0,1.0
heldout,baseline,duplication,16,0,16,0.0
heldout,baseline,future_aggregation,16,0,16,0.0
heldout,baseline,label_source,16,0,16,0.0
heldout,baseline,target_derived,16,0,16,0.0
heldout,baseline_ingestion,direct_temporal,16,16,0,1.0
heldout,baseline_ingestion,duplication,16,0,16,0.0
heldout,baseline_ingestion,future_aggregation,16,0,16,0.0
heldout,baseline_ingestion,label_source,16,0,16,0.0
heldout,baseline_ingestion,target_derived,16,0,16,0.0
heldout,improved,direct_temporal,16,16,0,1.0
heldout,improved,duplication,16,16,0,1.0
heldout,improved,future_aggregation,16,16,0,1.0
heldout,improved,label_source,16,16,0,1.0
heldout,improved,target_derived,16,16,0,1.0
all,baseline,direct_temporal,40,40,0,1.0
all,baseline,duplication,40,0,40,0.0
all,baseline,future_aggregation,40,0,40,0.0
all,baseline,label_source,40,0,40,0.0
all,baseline,target_derived,40,0,40,0.0
all,baseline_ingestion,direct_temporal,40,40,0,1.0
all,baseline_ingestion,duplication,40,0,40,0.0
all,baseline_ingestion,future_aggregation,40,0,40,0.0
all,baseline_ingestion,label_source,40,0,40,0.0
all,baseline_ingestion,target_derived,40,0,40,0.0
all,improved,direct_temporal,40,40,0,1.0
all,improved,duplication,40,40,0,1.0
all,improved,future_aggregation,40,40,0,1.0
all,improved,label_source,40,40,0,1.0
all,improved,target_derived,40,40,0,1.0
