split,validator,severity,n,tp,fn,recall
dev,baseline,low,40,8,32,0.2
dev,baseline_ingestion,low,40,8,32,0.2
dev,improved,low,40,26,14,0.65
dev,baseline,medium,40,8,32,0.2
dev,baseline_ingestion,medium,40,8,32,0.2
dev,improved,medium,40,26,14,0.65
dev,baseline,high,40,8,32,0.2
dev,baseline_ingestion,high,40,8,32,0.2
dev,improved,high,40,26,14,0.65
heldout,baseline,low,30,6,24,0.2
heldout,baseline_ingestion,low,30,6,24,0.2
heldout,improved,low,30,20,10,0.6667
heldout,baseline,medium,25,5,20,0.2
heldout,baseline_ingestion,medium,25,5,20,0.2
heldout,improved,medium,25,16,9,0.64
heldout,baseline,high,25,5,20,0.2
heldout,baseline_ingestion,high,25,5,20,0.2
heldout,improved,high,25,16,9,0.64
all,baseline,low,70,14,56,0.2
all,baseline_ingestion,low,70,14,56,0.2
all,improved,low,70,46,24,0.6571
all,baseline,medium,65,13,52,0.2
all,baseline_ingestion,medium,65,13,52,0.2
all,improved,medium,65,42,23,0.6462
all,baseline,high,65,13,52,0.2
all,baseline_ingestion,high,65,13,52,0.2
all,improved,high,65,42,23,0.6462
